code,category,year_end,net_profit,num_share,price,name,ROI
5250,Consumer,31/12/18,51307,1128891,1.5,7-ELEVEN MALAYSIA HOLDINGS BERHAD,3.03
7214,Industrial Products,31/07/18,13942,120000,0.73,A-RANK BERHAD,15.92
7086,Industrial Products,31/12/18,-988,263899,0.075,ABLEGROUP BERHAD,-4.99
5198,Industrial Products,31/12/18,4308,180000,0.5,ABM FUJIYA BERHAD,4.79
7131,Property,31/03/18,3091,209815,0.325,ACME HOLDINGS BERHAD,4.53
7120,Consumer,31/12/18,-7549,179146,0.41,ACOUSTECH BERHAD,-10.28
1481,Consumer,31/12/18,-4895,929194,0.11,ADVANCE SYNERGY BERHAD,-4.79
5281,Construction,31/12/18,10618,401923,0.3,ADVANCECON HOLDINGS BERHAD,8.81
9148,Industrial Products,31/12/18,1045,19112,1.94,ADVANCED PACKAGING TECHNOLOGY (M) BHD,2.82
7191,Health Care,31/12/18,-25569,152786,0.435,ADVENTA BERHAD,-38.47
7146,Industrial Products,31/12/18,-2077,299404,0.11,AE MULTI HOLDINGS BERHAD,-6.31
6599,Consumer,31/12/18,105123,1404000,1.47,AEON CO. (M) BHD,5.09
5139,Finance,28/02/18,300057,248137,13.3,AEON CREDIT SERVICE (M) BERHAD,9.09
5185,Finance,31/12/18,503086,1943167,2.23,AFFIN BANK BERHAD,11.61
7315,Consumer,31/03/18,1226,167473,0.195,AHB HOLDINGS BERHAD,3.75
7078,Construction,31/12/18,14665,598098,0.305,AHMAD ZAKI RESOURCES BERHAD,8.04
5099,Consumer,31/12/18,1979972,3341974,2.97,AIRASIA GROUP BERHAD,19.95
5238,Consumer,31/12/18,-312699,4148148,0.235,AIRASIA X BERHAD,-32.08
2658,Consumer,31/03/18,56261,60799,22.3,AJINOMOTO (MALAYSIA) BERHAD,4.15
7609,Industrial Products,30/11/18,24577,298699,0.57,AJIYA BERHAD,14.44
5116,REITS,31/12/18,91374,735985,1.31,AL-`AQAR HEALTHCARE REIT,9.48
5269,REITS,31/12/18,40301,580000,0.805,AL-SALAM REAL ESTATE INVESTMENT TRUST,8.63
5115,Energy,31/12/18,-174844,924460,0.08,ALAM MARITIM RESOURCES BERHAD,-236.41
2674,Industrial Products,31/12/18,3437,134331,0.44,ALCOM GROUP BERHAD,5.82
2488,Finance,31/03/18,493228,1548106,4.37,ALLIANCE BANK MALAYSIA BERHAD,7.29
1163,Finance,31/12/18,377021,224550,13.0,ALLIANZ MALAYSIA BERHAD,12.92
2682,Industrial Products,31/12/18,-4170,137585,0.21,AMALGAMATED INDUSTRIAL STEEL BERHAD,-14.43
4952,REITS,31/12/18,12319,220000,0.78,AMANAH HARTA TANAH PNB,7.18
5127,REITS,31/12/18,81250,573219,0.82,AMANAHRAYA REAL ESTATE INVESTMENT TRUST,17.29
1007,Property,31/03/18,137354,592725,0.695,AMCORP PROPERTIES BERHAD,33.34
5120,REITS,31/03/18,11330,686402,0.6,AMFIRST REAL ESTATE INVESTMENT TRUST,2.75
1015,Finance,31/03/18,1132131,3007786,3.89,AMMB HOLDINGS BERHAD,9.68
7051,Consumer,30/06/18,-5238,49998,0.29,AMTEK HOLDINGS BERHAD,-36.13
7031,Telco&Media,30/11/18,1071,49566,0.655,AMTEL HOLDINGS BERHAD,3.3
5959,Property,31/12/18,75463,365064,0.92,AMVERTON BERHAD,22.47
6351,Consumer,31/12/18,54510,164385,6.0,AMWAY (MALAYSIA) HOLDINGS BERHAD,5.53
7083,Industrial Products,30/04/18,9735,56130,2.05,ANALABS RESOURCES BERHAD,8.46
4758,Industrial Products,31/05/18,17581,215177,0.495,ANCOM BERHAD,16.51
6556,Industrial Products,31/12/18,149544,531617,1.25,ANN JOO RESOURCES BERHAD,22.5
9342,Industrial Products,31/07/18,-5918,880810,0.05,ANZO HOLDINGS BERHAD,-13.44
5568,Industrial Products,30/09/18,-17599,110845,0.83,APB RESOURCES BERHAD,-19.13
5088,Finance,31/12/18,8195,202640,0.94,APEX EQUITY HOLDINGS BERHAD,4.3
7090,Health Care,31/12/18,58581,117293,7.8,APEX HEALTHCARE BERHAD,6.4
5194,Consumer,31/01/18,-59330,1342422,0.01,APFT BERHAD,-441.96
5015,Industrial Products,31/12/18,38441,195583,2.68,APM AUTOMOTIVE HOLDINGS BERHAD,7.33
6432,Consumer,30/04/18,11071,80000,3.91,APOLLO FOOD HOLDINGS BERHAD,3.54
7007,Property,31/12/18,-2659,48673,0.365,ARK RESOURCES HOLDINGS BERHAD,-14.97
7722,Consumer,31/03/18,-19196,116323,0.88,ASIA BRANDS BERHAD,-18.75
7129,Consumer,31/03/18,59148,194760,2.67,ASIA FILE CORPORATION BHD,11.37
0159,Telco&Media,31/12/18,-3138,239464,0.145,ASIA MEDIA GROUP BERHAD,-9.04
4057,Property,31/03/18,44395,1031960,0.15,ASIAN PAC HOLDINGS BERHAD,28.68
7162,Industrial Products,31/07/18,28836,272946,0.8,ASTINO BERHAD,13.21
7054,Plantations,31/12/18,5351,659984,0.14,ASTRAL ASIA BERHAD,5.79
6399,Telco&Media,31/01/18,770636,5213883,2.6,ASTRO MALAYSIA HOLDINGS BERHAD,5.68
8176,Industrial Products,31/03/18,92512,1102331,1.6,ATA IMS BERHAD,5.25
7048,Consumer,28/02/18,49033,253650,4.65,ATLAN HOLDINGS BHD.,4.16
5130,REITS,31/12/18,11620,121801,1.11,ATRIUM REAL ESTATE INVESTMENT TRUST,8.59
7099,Industrial Products,31/03/18,27571,152263,0.865,ATTA GLOBAL GROUP BERHAD,20.93
7181,Industrial Products,31/12/18,4227,67210,0.29,ATURMAJU RESOURCES BERHAD,21.69
8885,Consumer,31/03/18,-10879,858552,0.315,AVILLION BERHAD,-4.02
7579,Industrial Products,30/06/18,21376,270060,0.665,AWC BERHAD,11.9
6888,Telco&Media,31/12/18,-5034573,9089476,3.93,AXIATA GROUP BERHAD,-14.09
5106,REITS,31/12/18,154979,1237285,1.56,AXIS REAL ESTATE INVESTMENT TRUST,8.03
2305,Property,31/12/18,20151,74853,4.6,AYER HOLDINGS BERHAD,5.85
5021,Industrial Products,31/03/18,23504,380418,0.38,AYS VENTURES BERHAD,16.26
7005,Industrial Products,30/06/18,-4518,48092,0.3,B.I.G. INDUSTRIES BERHAD,-31.31
7251,Energy,31/12/17,-216697,825587,0.29,BARAKAH OFFSHORE PETROLEUM BERHAD,-90.51
1899,Plantations,30/09/18,465476,401232,17.0,BATU KAWAN BERHAD,6.82
6602,Property,30/06/18,31367,400360,0.375,BCB BERHAD,20.89
5190,Construction,30/06/18,-177,799308,0.255,BENALEC HOLDINGS BERHAD,-0.09
3239,Property,30/06/18,-32616,2558270,0.38,BERJAYA ASSETS BERHAD,-3.36
3395,Industrial Products,30/04/18,-377073,5623418,0.29,BERJAYA CORPORATION BERHAD,-23.12
5196,Consumer,30/04/18,1141,376814,1.72,BERJAYA FOOD BERHAD,0.18
4219,Consumer,30/04/18,-189525,4989394,0.32,BERJAYA LAND BERHAD,-11.87
6025,Telco&Media,30/04/18,-12500,235085,0.21,BERJAYA MEDIA BERHAD,-25.32
1562,Consumer,30/04/18,230454,1347210,2.1,BERJAYA SPORTS TOTO BERHAD,8.15
5248,Consumer,30/04/18,140067,1154623,2.22,BERMAZ AUTO BERHAD,5.46
9814,Property,31/12/18,-3895,206756,0.26,BERTAM ALLIANCE BERHAD,-7.25
5258,Finance,31/12/18,682055,1689928,3.56,BIMB HOLDINGS BERHAD,11.34
6173,Property,31/12/18,-42196,303854,0.31,BINA DARULAMAN BERHAD,-44.8
5932,Construction,31/12/18,520,330167,0.21,BINA PURI HOLDINGS BHD,0.75
6998,Industrial Products,31/03/18,4929,287594,0.135,BINTAI KINDEN CORPORATION BERHAD,12.7
5032,Transportation&Logistics,31/12/18,142044,460000,4.5,BINTULU PORT HOLDINGS BERHAD,6.86
7243,Consumer,31/12/18,-11924,795362,0.035,BIO OSMO BERHAD,-42.83
5069,Plantations,31/12/18,-45796,93500,7.54,BLD PLANTATION BHD.,-6.5
0168,Industrial Products,31/03/18,20575,516000,0.67,BOILERMECH HOLDINGS BERHAD,5.95
9288,Consumer,30/06/18,19785,805651,0.42,BONIA CORPORATION BERHAD,5.85
7036,Industrial Products,30/06/18,5314,5211638,0.07,BORNEO OIL BERHAD,1.46
8133,Transportation&Logistics,31/12/18,-108326,248458,1.31,BOUSTEAD HEAVY INDUSTRIES CORPORATION BHD,-33.28
2771,Industrial Products,31/12/18,-469200,2026781,1.41,BOUSTEAD HOLDINGS BERHAD,-16.42
5254,Plantations,31/12/18,-51781,2240000,0.75,BOUSTEAD PLANTATIONS BERHAD,-3.08
6297,Industrial Products,31/12/18,-14882,120047,1.0,BOX-PAK (MALAYSIA) BERHAD,-12.4
5100,Industrial Products,31/12/18,21086,187688,0.99,BP PLASTICS HOLDING BHD,11.35
9474,Consumer,31/12/18,-103135,236286,0.28,BRAHIM'S HOLDINGS BERHAD,-155.89
8761,Construction,31/03/18,41004,344335,0.875,BREM HOLDING BERHAD,13.61
9938,Industrial Products,31/08/18,-3402,205331,0.21,BRIGHT PACKAGING INDUSTRY BERHAD,-7.89
4162,Consumer,31/12/18,468531,285530,36.08,BRITISH AMERICAN TOBACCO (MALAYSIA) BERHAD,4.55
7221,Industrial Products,31/08/18,-1101,96636,0.41,BSL CORPORATION BERHAD,-2.78
7188,Industrial Products,31/12/18,-2399,141344,0.09,BTM RESOURCES BERHAD,-18.86
5210,Energy,31/12/18,-2302769,5870937,0.155,BUMI ARMADA BERHAD,-253.05
1818,Finance,31/12/18,224042,807474,6.84,BURSA MALAYSIA BERHAD,4.06
2828,Consumer,30/06/18,31108,162000,1.84,C.I. HOLDINGS BERHAD,10.44
7174,Consumer,30/09/18,29385,631935,0.86,CAB CAKARAN CORPORATION BERHAD,5.41
7154,Consumer,31/03/18,1460,80000,0.94,CAELY HOLDINGS BHD,1.94
2852,Industrial Products,31/12/18,265741,1069945,2.69,CAHYA MATA SARAWAK BERHAD,9.23
7128,Consumer,31/12/18,2494,191903,0.26,CAM RESOURCES BERHAD,5.0
5105,Industrial Products,31/12/18,46576,192153,1.98,CAN-ONE BERHAD,12.24
5180,REITS,31/12/18,135628,2044176,1.01,CAPITALAND MALAYSIA MALL TRUST,6.57
5257,Energy,30/06/18,-25087,233878,0.27,CARIMIN PETROLEUM BERHAD,-39.73
5245,Consumer,31/05/18,18560,217706,1.55,CARING PHARMACY GROUP BERHAD,5.5
2836,Consumer,31/12/18,277154,305748,19.68,CARLSBERG BREWERY MALAYSIA BERHAD,4.61
7076,Industrial Products,31/12/18,46319,511721,1.0,CB INDUSTRIAL PRODUCT HOLDING BERHAD,9.05
7035,Consumer,31/12/18,27898,629177,0.395,CCK CONSOLIDATED HOLDINGS BERHAD,11.23
5195,Technology,31/03/18,-8365,501956,0.215,CENSOF HOLDINGS BERHAD,-7.75
8052,Industrial Products,31/12/18,-3607,90000,0.46,CENTRAL INDUSTRIAL CORPORATION BERHAD,-8.71
8982,Plantations,31/12/18,5199,308967,0.565,CEPATWAWASAN GROUP BERHAD,2.98
7209,Consumer,30/06/18,1035,115358,0.4,CHEETAH HOLDINGS BERHAD,2.24
2879,Industrial Products,31/12/18,25706,167696,1.79,CHEMICAL COMPANY OF MALAYSIA BERHAD,8.56
5273,Industrial Products,31/12/18,24153,556388,0.725,CHIN HIN GROUP BERHAD,5.99
7187,Transportation&Logistics,31/03/18,8873,281363,0.45,CHIN HIN GROUP PROPERTY BERHAD,7.01
1929,Plantations,31/08/18,72150,91363,7.58,CHIN TECK PLANTATIONS BERHAD,10.42
5007,Industrial Products,30/06/18,55884,296720,1.54,CHIN WELL HOLDINGS BERHAD,12.23
5229,Industrial Products,31/12/16,-77115,1285250,0.025,CHINA AUTOMOBILE PARTS HOLDINGS LIMITED,-240.0
5188,Consumer,31/12/18,-10750,668000,0.035,CHINA OUHUA WINERY HOLDINGS LIMITED,-45.98
5214,Consumer,31/12/16,18535,1242761,0.065,CHINA STATIONERY LIMITED,22.95
5797,Industrial Products,31/12/18,32363,130729,1.48,CHOO BEE METAL INDUSTRIES BHD,16.73
7016,Industrial Products,31/12/18,7836,168670,0.32,CHUAN HUAT RESOURCES BHD,14.52
1023,Finance,31/12/18,5583510,9512630,5.71,CIMB GROUP HOLDINGS BERHAD,10.28
7117,Transportation&Logistics,31/12/18,9784,390419,0.39,CJ CENTURY LOGISTICS HOLDINGS BERHAD,6.43
7202,Consumer,31/12/18,7233,120500,1.09,CLASSIC SCENIC BERHAD,5.51
7018,Industrial Products,30/06/18,-14077,584236,0.04,CME GROUP BERHAD,-60.24
7986,Industrial Products,31/12/18,1622,45382,0.53,CN ASIA CORPORATION BHD,6.74
5104,Consumer,31/12/18,637,712905,0.06,CNI HOLDINGS BERHAD,1.49
5071,Energy,30/06/18,-572720,527403,0.95,COASTAL CONTRACTS BHD,-114.31
7205,Consumer,31/12/18,30914,228800,1.94,COCOALAND HOLDINGS BERHAD,6.96
2127,Industrial Products,31/01/18,35897,558807,1.1,COMFORT GLOVES BERHAD,5.84
7195,Industrial Products,31/01/18,-33002,140000,0.75,COMINTEL CORPORATION BHD,-31.43
5136,Transportation&Logistics,31/03/18,9415,123442,0.66,COMPLETE LOGISTIC SERVICES BERHAD,11.56
5037,Industrial Products,31/12/18,-5992,2347717,0.025,COMPUGATES HOLDINGS BERHAD,-10.21
8044,Industrial Products,31/03/18,-2640,41000,1.1,COMPUTER FORMS (MALAYSIA) BERHAD,-5.85
8435,Industrial Products,31/08/18,-5571,44775,1.38,CONCRETE ENGINEERING PRODUCTS BERHAD,-9.02
5738,Property,31/12/18,85233,273557,1.46,COUNTRY HEIGHTS HOLDINGS BHD,21.34
5049,Property,30/11/18,70513,100000,1.33,COUNTRY VIEW BERHAD,53.02
6718,Property,31/01/18,34947,279419,1.45,CRESCENDO CORPORATION BERHAD,8.63
8591,Construction,31/12/18,70376,169909,0.87,CREST BUILDER HOLDINGS BERHAD,47.61
5094,Industrial Products,31/12/18,21891,369300,1.02,CSC STEEL HOLDINGS BERHAD,5.81
0051,Technology,31/12/18,-21881,835053,0.175,CUSCAPI BERHAD,-14.97
9423,Consumer,30/06/18,6575,126290,0.48,CWG HOLDINGS BERHAD,10.85
2925,Consumer,31/12/18,22319,100745,1.53,CYCLE & CARRIAGE BINTANG BERHAD,14.48
7157,Industrial Products,31/01/18,1200,100000,0.64,CYL CORPORATION BERHAD,1.88
5082,Industrial Products,31/12/18,-4287,75000,0.35,CYMAO HOLDINGS BERHAD,-16.33
5184,Industrial Products,31/10/18,70402924,273387,2.54,CYPARK RESOURCES BERHAD,10138.63
7204,Technology,31/12/18,35961,1045377,0.715,D&O GREEN TECHNOLOGIES BERHAD,4.81
7179,Consumer,31/12/18,-26459,2678229,0.03,D.B.E. GURNEY RESOURCES BERHAD,-32.93
4456,Technology,31/12/18,35345,1757969,0.23,DAGANG NEXCHANGE BERHAD,8.74
8125,Industrial Products,31/12/18,15241,327348,1.62,DAIBOCHI BERHAD,2.87
5355,Property,30/06/18,41072,210574,1.95,DAIMAN DEVELOPMENT BHD,10.0
3484,Property,31/12/18,20619,318371,0.225,DAMANSARA REALTY BHD,28.78
5276,Industrial Products,31/12/18,14988,298005,0.45,DANCOMECH HOLDINGS BERHAD,11.18
8338,Technology,31/03/18,-5050,421395,0.21,DATAPREP HOLDINGS BHD,-5.71
5216,Technology,31/03/18,67244,1350000,0.88,DATASONIC GROUP BERHAD,5.66
0091,Energy,31/12/18,-158449,2042951,0.01,DAYA MATERIALS BERHAD,-775.59
5141,Energy,31/12/18,164223,964809,0.54,DAYANG ENTERPRISE HOLDINGS BERHAD,31.52
7119,Consumer,31/12/18,-9,130832,1.05,DEGEM BERHAD,-0.01
5132,Energy,31/12/18,27169,400291,0.985,DELEUM BERHAD,6.89
7212,Industrial Products,31/12/18,1807,1155230,0.205,DESTINI BERHAD,0.76
7277,Energy,30/06/18,510371,5638307,3.09,DIALOG GROUP BERHAD,2.93
6947,Telco&Media,31/12/18,1540788,7775000,4.5,DIGI.COM BERHAD,4.4
0029,Technology,30/09/18,-17667,658339,0.08,DIGISTAR CORPORATION BERHAD,-33.54
7528,Construction,31/12/18,5467,92699,1.79,DKLS INDUSTRIES BHD,3.29
5908,Consumer,31/12/18,44615,157650,2.3,DKSH HOLDINGS (MALAYSIA) BERHAD,12.3
7114,Industrial Products,31/12/18,2594,192796,0.34,D'NONCE TECHNOLOGY BHD,3.96
5835,Industrial Products,30/06/18,-120543,284952,0.175,DOLOMITE CORPORATION BERHAD,-241.73
5265,Industrial Products,31/12/18,-3909,244200,0.09,DOLPHIN INTERNATIONAL BERHAD,-17.79
7169,Industrial Products,31/03/18,27862,168843,1.31,DOMINANT ENTERPRISE BERHAD,12.6
7198,Property,31/03/18,-5191,587770,0.075,DPS RESOURCES BERHAD,-11.78
1619,Consumer,31/03/18,498441,1933237,2.44,DRB-HICOM BERHAD,10.57
7233,Industrial Products,31/12/18,51855,251179,2.06,DUFU TECHNOLOGY CORP. BERHAD,10.02
7148,Health Care,31/12/18,47641,661881,0.95,CCM DUOPHARMA BIOTECH BERHAD,7.58
3948,Plantations,30/06/18,386443,846118,0.49,DUTALAND BERHAD,93.21
3026,Consumer,31/12/18,129449,64000,62.0,DUTCH LADY MILK INDUSTRIES BERHAD,3.26
5178,Industrial Products,31/05/18,-6190,162837,0.125,DYNACIATE GROUP BERHAD,-30.41
5259,Transportation&Logistics,31/12/18,74232,504000,0.39,E.A.TECHNIQUE (M) BERHAD,37.77
3417,Property,31/03/18,100790,1300983,1.42,EASTERN & ORIENTAL BERHAD,5.46
2097,Consumer,31/12/18,-8830,245667,0.095,EASTLAND EQUITY BHD,-37.83
2143,Finance,31/12/18,5136,479925,0.28,ECM LIBRA FINANCIAL GROUP BERHAD,3.82
8206,Property,31/10/18,165592,2944368,1.0,ECO WORLD DEVELOPMENT GROUP BERHAD,5.62
5283,Property,31/10/18,35238,2400000,0.895,ECO WORLD INTERNATIONAL BERHAD,1.64
0059,Telco&Media,31/05/18,-1991,162709,0.25,ECOBUILT HOLDINGS BERHAD,-4.89
3557,Property,31/05/18,44596,803162,0.3,ECOFIRST CONSOLIDATED BHD,18.51
5253,Construction,30/06/18,87102,1337500,0.74,ECONPILE HOLDINGS BERHAD,8.8
5036,Technology,30/06/18,7203,57905,0.35,EDARAN BERHAD,35.54
7471,Utilities,31/12/18,-8024,321762,0.095,EDEN INC. BERHAD,-26.25
0064,Industrial Products,31/12/18,-7590,709130,0.195,EFFICIENT E-SOLUTIONS BERHAD,-5.49
8907,Industrial Products,30/06/18,18817,249779,0.47,EG INDUSTRIES BERHAD,16.03
5208,Industrial Products,30/09/18,20085,129996,1.3,EITA RESOURCES BERHAD,11.88
7182,Consumer,31/12/18,-3895,312000,0.065,EKA NOODLES BERHAD,-19.21
8877,Construction,30/06/18,114652,2139202,0.66,EKOVEST BERHAD,8.12
9016,Industrial Products,31/03/18,-19396,160380,0.805,EKSONS CORPORATION BERHAD,-15.02
5228,Finance,31/03/18,25924,285583,1.19,ELK-DESA RESOURCES BERHAD,7.63
0090,Technology,31/12/18,39917,663171,1.09,ELSOFT RESEARCH BERHAD,5.52
9091,Consumer,31/03/18,-219,95927,0.2,EMICO HOLDINGS BERHAD,-1.14
6076,Property,31/12/18,-2097,293952,0.425,ENCORP BERHAD,-1.68
7149,Consumer,31/12/18,6527,70757,0.935,ENG KAH CORPORATION BERHAD,9.87
5056,Industrial Products,31/12/18,12067,439365,0.825,ENGTEX GROUP BERHAD,3.33
8613,Property,31/03/18,1021,134919,2.66,ENRA GROUP BERHAD,0.28
7217,Industrial Products,31/12/18,3097,185623,0.42,EONMETALL GROUP BERHAD,3.97
7773,Industrial Products,31/12/18,-11895,158860,0.46,EP MANUFACTURING BHD,-16.28
5081,Consumer,31/03/18,-394,237194,0.6,ESTHETICS INTERNATIONAL GROUP BERHAD,-0.28
6815,Property,28/02/18,9590,128000,0.925,EUPE CORPORATION BERHAD,8.1
7208,Consumer,31/12/18,-4192,267300,0.13,EURO HOLDINGS BERHAD,-12.06
7094,Consumer,31/05/18,-1383,44421,0.75,EUROSPAN HOLDINGS BERHAD,-4.15
5101,Industrial Products,31/12/18,16057,845885,0.35,EVERGREEN FIBREBOARD BERHAD,5.42
5205,Construction,31/12/18,70089,780999,0.67,EVERSENDAI CORPORATION BERHAD,13.39
7249,Property,31/12/18,42014,300867,0.53,EWEIN BERHAD,26.35
0065,Technology,31/12/18,6620,413749,0.465,EXCEL FORCE MSC BERHAD,3.44
2984,Industrial Products,30/06/18,-2788,83882,1.33,FACB INDUSTRIES INCORPORATED BERHAD,-2.5
7047,Construction,30/06/18,17463,372773,0.385,FAJARBARU BUILDER GROUP BHD,12.17
5029,Plantations,31/12/18,60354,197171,2.8,FAR EAST HOLDINGS BERHAD,10.93
6041,Property,31/12/18,-685,153859,0.375,FARLIM GROUP (MALAYSIA) BHD,-1.19
7229,Industrial Products,31/12/18,64010,221393,2.3,FAVELLE FAVCO BERHAD,12.57
2755,Consumer,30/06/18,-1013,249994,0.82,FCW HOLDINGS BERHAD,-0.49
8605,Consumer,30/06/18,3800,107160,0.36,FEDERAL INTERNATIONAL HOLDINGS BERHAD,9.85
5222,Plantations,31/12/18,-1079952,3648152,0.715,FGV HOLDINGS BERHAD,-41.4
6939,Consumer,30/09/18,32597,504597,0.5,FIAMMA HOLDINGS BERHAD,12.92
0149,Industrial Products,31/05/18,2959,98000,0.515,FIBON BERHAD,5.86
3107,Industrial Products,31/03/18,36110,241115,1.98,FIMA CORPORATION BERHAD,7.56
9318,Industrial Products,31/12/18,15474,445276,0.4,FITTERS DIVERSIFIED BERHAD,8.69
5197,Industrial Products,31/12/18,28416,103957,1.51,FOCUS LUMBER BERHAD,18.1
9172,Consumer,31/12/18,36644,247594,1.68,FORMOSA PROSONIC INDUSTRIES BERHAD,8.81
5277,Industrial Products,30/06/18,7527,518000,0.295,FOUNDPAC GROUP BERHAD,4.93
3689,Consumer,30/09/18,385133,366410,37.72,FRASER & NEAVE HOLDINGS BHD,2.79
7210,Transportation&Logistics,30/06/18,19696,186148,1.05,FREIGHT MANAGEMENT HOLDINGS BERHAD,10.08
0128,Technology,31/12/18,52257,1047968,0.705,FRONTKEN CORPORATION BERHAD,7.07
9377,Technology,30/06/18,-687,140223,0.185,FSBM HOLDINGS BERHAD,-2.65
7184,Consumer,31/12/18,-17147,412500,0.815,G3 GLOBAL BERHAD,-5.1
5226,Construction,31/12/18,63569,468906,0.855,GABUNGAN AQRS BERHAD,15.86
9261,Construction,31/05/18,95122,658851,0.665,GADANG HOLDINGS BHD,21.71
5398,Construction,31/07/18,513883,2467483,3.87,GAMUDA BERHAD,5.38
5209,Utilities,31/12/18,180392,1284000,2.83,GAS MALAYSIA BERHAD,4.96
0078,Transportation&Logistics,30/06/18,23627,5586223,0.405,GD EXPRESS CARRIER BERHAD,1.04
7197,Industrial Products,31/12/18,4501,76927,0.67,GE-SHEN CORPORATION BERHAD,8.73
3182,Consumer,31/12/18,1365581,3850600,6.1,GENTING BERHAD,5.81
4715,Consumer,31/12/18,-19588,5654195,3.02,GENTING MALAYSIA BERHAD,-0.11
2291,Plantations,31/12/18,164898,803690,9.86,GENTING PLANTATIONS BERHAD,2.08
3204,Construction,31/01/18,124433,563269,3.82,GEORGE KENT (MALAYSIA) BERHAD,5.78
5079,Consumer,30/06/18,-10743,126000,0.16,GETS GLOBAL BERHAD,-53.29
0021,Technology,31/12/18,24544,737306,1.58,GHL SYSTEMS BERHAD,2.11
1147,Property,31/03/18,-93561,454676,0.285,GLOBAL ORIENTAL BERHAD,-72.2
5220,Industrial Products,30/06/18,-20356,5381737,0.05,GLOBALTEC FORMATION BERHAD,-7.56
7022,Technology,31/12/18,70117,667780,1.75,GLOBETRONICS TECHNOLOGY BERHAD,6.0
5020,Property,30/04/18,30915,791288,0.49,GLOMAC BERHAD,7.97
7382,Plantations,30/06/18,-14953,214524,0.46,GOLDEN LAND BERHAD,-15.15
5649,Industrial Products,31/12/18,513,135135,0.18,GOLDEN PHAROS BERHAD,2.11
7192,Industrial Products,30/06/18,2220,110518,0.205,GOODWAY INTEGRATED INDUSTRIES BERHAD,9.8
2135,Plantations,31/12/18,2287,268993,0.65,GOPENG BERHAD,1.31
7096,Industrial Products,31/03/18,-1172,980490,0.09,GPA HOLDINGS BERHAD,-1.33
5592,Consumer,31/12/18,-5366,197002,0.48,GRAND CENTRAL ENTERPRISES BHD,-5.67
7010,Property,30/06/18,-1789,40000,0.605,GRAND HOOVER BERHAD,-7.39
0056,Technology,31/12/18,5472,474901,0.2,GRAND-FLO BERHAD,5.76
0082,Telco&Media,31/12/18,56408,758817,0.315,GREEN PACKET BERHAD,23.6
0136,Consumer,31/07/18,-395,333740,0.16,GREENYIELD BERHAD,-0.74
9962,Property,31/12/18,5982,375607,0.265,GROMUTUAL BERHAD,6.01
7077,Property,31/03/18,-2426,528039,0.095,GSB GROUP BERHAD,-4.84
5102,Consumer,31/12/18,189254,477862,2.75,GUAN CHONG BERHAD,14.4
3247,Industrial Products,31/12/18,-2681,274362,0.45,GUH HOLDINGS BERHAD,-2.17
7676,Transportation&Logistics,31/12/18,-214,236179,0.29,GUNUNG CAPITAL BERHAD,-0.31
1503,Property,30/06/18,37222,669880,0.88,GUOCOLAND (MALAYSIA) BERHAD,6.31
7668,Consumer,30/04/18,74828,290495,4.96,HAI-O ENTERPRISE BERHAD,5.19
5151,Industrial Products,31/12/18,-11135,105973,0.75,HALEX HOLDINGS BERHAD,-14.01
7253,Energy,31/12/17,-2367,159690,0.23,HANDAL RESOURCES BERHAD,-6.44
3034,Industrial Products,31/12/18,1145608,2489673,9.85,HAP SENG CONSOLIDATED BERHAD,4.67
5138,Plantations,31/12/18,29109,799688,1.64,HAP SENG PLANTATIONS HOLDINGS BERHAD,2.22
2062,Transportation&Logistics,30/06/18,35920,400400,0.71,HARBOUR-LINK GROUP BERHAD,12.64
7501,Plantations,31/12/18,-21172,173219,0.34,HARN LEN CORPORATION BHD,-35.95
5008,Consumer,31/12/18,22470,68476,3.5,HARRISONS HOLDINGS (MALAYSIA) BERHAD,9.38
5168,Health Care,31/03/18,439395,3306247,6.05,HARTALEGA HOLDINGS BERHAD,2.2
5187,Consumer,31/12/18,11064,468000,0.055,HB GLOBAL LIMITED,42.98
7105,Property,31/12/18,6641,421223,1.26,HCK CAPITAL GROUP BERHAD,1.25
3255,Consumer,31/12/18,282522,302097,20.46,HEINEKEN MALAYSIA BERHAD,4.57
5028,Technology,31/12/18,-29175,101225,0.425,HEITECH PADU BERHAD,-67.82
5121,REITS,31/12/18,33129,461960,1.11,HEKTAR REAL ESTATE INVESTMENT TRUST,6.46
4324,Energy,31/12/18,30842,300019,4.66,HENGYUAN REFINING COMPANY BERHAD,2.21
5095,Industrial Products,31/12/18,16658,559803,0.61,HEVEABOARD BERHAD,4.88
3298,Industrial Products,30/06/18,-19962,200380,0.66,HEXZA CORPORATION BERHAD,-15.09
5072,Industrial Products,31/07/18,27946,1331533,0.38,HIAP TECK VENTURE BERHAD,5.52
5199,Energy,30/06/18,203712,1588228,0.885,HIBISCUS PETROLEUM BERHAD,14.49
8443,Industrial Products,31/12/18,17055,331941,0.54,HIL INDUSTRIES BERHAD,9.51
5169,Construction,31/12/18,27395,374874,0.315,HO HUP CONSTRUCTION COMPANY BHD,23.2
9601,Industrial Products,31/12/18,-33053,306750,0.105,HO WAH GENTING BERHAD,-102.62
5165,Industrial Products,31/12/18,136,79961,0.475,HOCK HENG STONE INDUSTRIES BHD,0.36
6238,Construction,31/12/18,53752,549517,1.35,HOCK SENG LEE BERHAD,7.25
5160,Consumer,31/08/18,21068,300010,0.705,HOMERITZ CORPORATION BERHAD,9.96
5819,Finance,30/06/18,2638078,2045677,18.2,HONG LEONG BANK BERHAD,7.09
5274,Finance,30/06/18,71322,241283,9.79,HONG LEONG CAPITAL BERHAD,3.02
1082,Finance,30/06/18,1907442,1144495,18.0,HONG LEONG FINANCIAL GROUP BERHAD,9.26
3301,Consumer,30/06/18,334593,312420,11.36,HONG LEONG INDUSTRIES BERHAD,9.43
0185,Industrial Products,31/12/18,-102600,464959,0.86,HSS ENGINEERS BERHAD,-25.66
5062,Property,31/03/18,4411,352000,0.495,HUA YANG BERHAD,2.53
7013,Transportation&Logistics,30/09/18,-4198,2362094,0.055,HUBLINE BERHAD,-3.23
5000,Industrial Products,30/06/18,-54870,479093,1.08,HUME INDUSTRIES BERHAD,-10.6
5024,Consumer,31/12/18,42959,800000,0.95,HUP SENG INDUSTRIES BERHAD,5.65
8478,Consumer,31/12/18,-4246,74833,0.3,HWA TAI INDUSTRIES BERHAD,-18.91
4251,Property,31/12/18,58793,1061314,0.38,I-BERHAD,14.58
5084,Property,31/12/18,30138,496405,0.595,IBRACO BERHAD,10.2
5108,Closed&Fund,31/05/18,8902,140000,2.59,ICAPITAL.BIZ BERHAD,2.46
5255,Energy,31/12/18,-439967,1177185,0.07,ICON OFFSHORE BERHAD,-533.92
9687,Property,31/12/18,50853,110468,1.09,IDEAL UNITED BINTANG INTERNATIONAL BERHAD,42.23
5606,Property,31/12/18,235643,668769,2.48,IGB BERHAD,14.21
5227,REITS,31/12/18,333753,3525443,1.73,IGB REAL ESTATE INVESTMENT TRUST,5.47
5225,Health Care,31/12/18,627687,8427236,5.39,IHH HEALTHCARE BERHAD,1.38
3336,Construction,31/03/18,349809,3628640,2.68,IJM CORPORATION BERHAD,3.6
2216,Plantations,31/03/18,46645,880580,2.2,IJM PLANTATIONS BERHAD,2.41
5268,Construction,31/12/18,-26931,543331,0.1,IKHMAS JAYA GROUP BERHAD,-49.57
7222,Industrial Products,30/06/18,5734,80000,1.9,IMASPRO CORPORATION BERHAD,3.77
0166,Technology,30/06/18,249266,3175857,2.26,INARI AMERTRON BERHAD,3.47
2607,Plantations,31/12/18,-11395,387209,0.675,INCH KENNETH KAJANG RUBBER PUBLIC LTD CO,-4.36
9393,Technology,31/12/18,-2508,102762,0.085,INDUSTRONICS BERHAD,-28.71
6262,Plantations,31/12/18,10185,478857,0.61,INNOPRISE PLANTATIONS BERHAD,3.49
3379,Finance,30/06/18,90517,663007,0.875,INSAS BERHAD,15.6
0192,Construction,31/12/18,21200,535259,0.28,INTA BINA GROUP BERHAD,14.15
5614,Transportation&Logistics,31/12/18,-98285,189526,0.465,INTEGRATED LOGISTICS BHD,-111.52
1961,Plantations,30/06/18,3060500,6284398,4.54,IOI CORPORATION BERHAD,10.73
5249,Property,30/06/18,783631,5506145,1.6,IOI PROPERTIES GROUP BERHAD,8.89
5673,Industrial Products,30/06/18,-37709,72469,0.87,IPMUDA BERHAD,-59.81
5107,Consumer,31/03/18,-317,88028,1.42,IQ GROUP HOLDINGS BERHAD,-0.25
7183,Industrial Products,31/12/17,-17257,138142,0.15,IRE-TEX CORPORATION BERHAD,-83.28
8834,Construction,31/03/18,5829,186708,0.645,IREKA CORPORATION BERHAD,4.84
1589,Property,31/12/18,-6604,835949,0.42,ISKANDAR WATERFRONT CITY BERHAD,-1.88
5175,Property,31/03/18,10505,490079,0.27,IVORY PROPERTIES GROUP BERHAD,7.94
7223,Consumer,31/03/18,-9751,941700,0.055,JADI IMAGING HOLDINGS BERHAD,-18.83
4723,Construction,31/12/18,15131,533364,0.48,JAKS RESOURCES BERHAD,5.91
8648,Industrial Products,31/03/18,-4033,449550,0.13,JASA KITA BERHAD,-6.9
4383,Plantations,30/06/18,-26798,967991,0.67,JAYA TIASA HOLDINGS BHD,-4.13
7152,Consumer,31/07/18,10286,136506,0.87,JAYCORP BERHAD,8.66
0058,Industrial Products,31/12/18,10030,137898,1.48,JCBNEXT BERHAD,4.91
5161,Technology,30/09/18,-120747,2060912,0.275,JCY INTERNATIONAL BERHAD,-21.31
8931,Consumer,30/06/18,5556,82046,0.41,JERASIA CAPITAL BERHAD,16.52
8923,Property,31/12/18,815,166845,0.36,JIANKUN INTERNATIONAL BERHAD,1.36
6769,Property,31/01/18,14800,2274930,0.095,JKG LAND BERHAD,6.85
7043,Industrial Products,31/03/18,-3112,126784,1.0,JMR CONGLOMERATION BERHAD,-2.45
3441,Finance,31/01/18,-22345,622948,0.315,JOHAN HOLDINGS BERHAD,-11.39
7167,Consumer,31/12/18,38537,310473,0.96,JOHORE TIN BERHAD,12.93
5172,Consumer,31/12/18,-40504,380952,0.085,K-STAR SPORTS LIMITED,-125.09
5192,Industrial Products,31/12/18,954,96000,0.3,K.SENG SENG CORPORATION BERHAD,3.31
8672,Consumer,31/03/18,3264,197990,0.35,KAMDAR GROUP (M) BERHAD,4.71
3115,Property,31/03/18,44924,5776587,0.08,KARAMBUNAI CORP BHD,9.72
5247,Consumer,30/06/18,10103,1002375,0.82,KAREX BERHAD,1.23
0054,Industrial Products,31/03/18,10834,475713,0.175,KARYON INDUSTRIES BERHAD,13.01
7216,Consumer,31/12/18,23432,359519,1.91,KAWAN FOOD BERHAD,3.41
3476,Industrial Products,31/12/18,40361,359314,4.08,KECK SENG (MALAYSIA) BERHAD,2.75
7199,Industrial Products,30/04/18,1753,108900,0.5,KEIN HING INTERNATIONAL BERHAD,3.22
0151,Industrial Products,31/12/18,18458,262135,1.12,KELINGTON GROUP BERHAD,6.29
7323,Property,31/12/18,24063,179337,0.63,KEN HOLDINGS BERHAD,21.3
6483,Finance,31/12/18,11911,712368,0.6,KENANGA INVESTMENT BANK BERHAD,2.79
7161,Construction,31/12/18,138415,1237777,1.15,KERJAYA PROSPEK GROUP BERHAD,9.72
9334,Technology,31/07/18,39338,43014,17.0,KESM INDUSTRIES BERHAD,5.38
0143,Technology,31/05/18,3608,890569,0.135,KEY ASIC BERHAD,3.0
6203,Consumer,31/12/18,6070,104000,0.59,KHEE SAN BERHAD,9.89
7062,Consumer,31/12/18,1578,40059,1.69,KHIND HOLDINGS BERHAD,2.33
6211,Industrial Products,31/12/18,-6121,61938,0.22,KIA LIM BERHAD,-44.92
3522,Industrial Products,31/12/18,17257,444167,2.64,KIAN JOO CAN FACTORY BERHAD,1.47
5371,Industrial Products,31/12/18,-59158,140251,1.24,KIM HIN INDUSTRY BERHAD,-34.02
5027,Plantations,31/01/18,99059,311202,4.18,KIM LOONG RESOURCES BERHAD,7.62
5171,Construction,31/12/18,61139,331871,1.08,KIMLUN CORPORATION BERHAD,17.06
5060,Industrial Products,30/06/18,-94681,1041604,0.005,KINSTEEL BHD,-1817.98
5280,REITS,30/06/18,37610,505300,0.8,KIP REAL ESTATE INVESTMENT TRUST,9.3
9466,Industrial Products,31/12/18,17644,257792,0.875,KKB ENGINEERING BERHAD,7.82
5235SS,REITS,31/12/18,724914,1805333,7.66,KLUANG RUBBER COMPANY (MALAYA) BERHAD,5.24
5035,Industrial Products,31/12/18,-29192,99645,0.5,KNUSFORD BERHAD,-58.59
6971,Industrial Products,30/06/18,13184,102056,1.0,KOBAY TECHNOLOGY BERHAD,12.92
7017,Industrial Products,30/04/18,-21512,161394,0.175,KOMARKCORP BERHAD,-76.16
4847,Consumer,31/12/18,-36483,402798,0.055,KONSORTIUM TRANSNASIONAL BERHAD,-164.68
7153,Health Care,31/12/18,200784,1278936,4.34,KOSSAN RUBBER INDUSTRIES BERHAD,3.62
0002,Health Care,30/06/18,15749,132943,1.82,KOTRA INDUSTRIES BERHAD,6.51
5878,Health Care,31/12/18,179444,4355011,1.04,KPJ HEALTHCARE BERHAD,3.96
9121,Industrial Products,31/12/18,10473,147827,0.48,KPS CONSORTIUM BERHAD,14.76
1996,Plantations,31/12/18,-29311,2327627,0.41,KRETAM HOLDINGS BERHAD,-3.07
5038,Property,31/12/18,224091,1017216,0.71,KSL HOLDINGS BERHAD,31.03
2445,Plantations,30/09/18,753328,1064965,24.96,KUALA LUMPUR KEPONG BERHAD,2.83
8303,Consumer,30/09/18,-2901,68229,0.11,KUANTAN FLOUR MILLS BHD,-38.65
6874,Industrial Products,31/12/18,1177,556465,0.235,KUB MALAYSIA BERHAD,0.9
2186,Finance,30/06/18,51828,123747,2.15,KUCHAI DEVELOPMENT BERHAD,19.48
6491,Industrial Products,31/03/18,31537,282084,1.49,KUMPULAN FIMA BERHAD,7.5
7033,Industrial Products,31/10/18,3565,36577,1.51,KUMPULAN H & L HIGH-TECH BERHAD,6.45
9083,Industrial Products,31/12/18,-9348,207896,0.2,KUMPULAN JETSON BERHAD,-22.48
5843,Utilities,31/12/18,-205623,537385,1.21,KUMPULAN PERANGSANG SELANGOR BERHAD,-31.62
7130,Consumer,30/06/18,-4959,76149,0.45,KUMPULAN POWERNET BERHAD,-14.47
6572,Plantations,30/06/18,-50072,311677,1.32,KWANTAS CORPORATION BERHAD,-12.17
8362,Industrial Products,31/01/18,-919,149889,0.485,KYM HOLDINGS BERHAD,-1.26
3794,Industrial Products,31/12/18,-319351,849695,1.81,LAFARGE MALAYSIA BERHAD,-20.76
3174,Property,31/03/18,75409,2929841,0.175,LAND & GENERAL BERHAD,14.71
1643,Consumer,31/12/18,-37397,528890,0.455,LANDMARKS BERHAD,-15.54
7006,Consumer,30/06/18,12141,97207,3.44,LATITUDE TREE HOLDINGS BERHAD,3.63
9385,Consumer,31/03/18,37697,612959,0.96,LAY HONG BERHAD,6.41
9326,Industrial Products,30/04/18,6097,248486,0.59,LB ALUMINIUM BERHAD,4.16
8494,Property,31/12/18,3243,77195,0.72,LBI CAPITAL BERHAD,5.83
5789,Property,31/12/18,85110,1547454,0.64,LBS BINA GROUP BERHAD,8.59
9881,Industrial Products,31/12/18,4882,126890,0.25,LEADER STEEL HOLDINGS BERHAD,15.39
9628,Construction,31/12/18,106,136484,0.905,LEBTECH BERHAD,0.09
8079,Consumer,31/12/18,10256,163128,0.85,LEE SWEE KIAT GROUP BERHAD,7.4
5232,Industrial Products,31/12/18,26100,310000,0.485,LEON FUAT BERHAD,17.36
8745,Industrial Products,30/06/18,-3794,321893,0.235,LEWEKO RESOURCES BERHAD,-5.02
7170,Industrial Products,31/12/18,-10572,185320,0.1,LFE CORPORATION BERHAD,-57.05
3573,Property,31/12/18,-35538,341011,0.3,LIEN HOE CORPORATION BERHAD,-34.74
7089,Consumer,31/12/18,57789,180000,2.6,LII HEN INDUSTRIES BHD.,12.35
6645,Transportation&Logistics,31/03/18,228554,527949,5.69,LINGKARAN TRANS KOTA HOLDINGS BERHAD,7.61
8486,Industrial Products,30/06/18,19228,227827,0.525,LION FOREST INDUSTRIES BERHAD,16.08
4235,Industrial Products,30/06/18,172629,680804,0.86,LION INDUSTRIES CORPORATION BERHAD,29.48
7126,Consumer,30/09/18,13896,194164,0.55,LONDON BISCUITS BERHAD,13.01
5284,Industrial Products,31/12/18,786234,2272984,4.62,LOTTE CHEMICAL TITAN HOLDING BERHAD,7.49
8621,Finance,31/12/18,314049,398383,15.74,LPI CAPITAL BHD,5.01
7085,Consumer,31/03/18,3239,130104,1.0,LTKM BERHAD,2.49
5068,Industrial Products,31/12/18,12652,1976035,0.075,LUSTER INDUSTRIES BHD.,8.54
5143,Industrial Products,31/12/18,37977,855857,0.52,LUXCHEM CORPORATION BERHAD,8.53
9199,Industrial Products,31/12/18,9301,41580,2.5,LYSAGHT GALVANIZED STEEL BERHAD,8.95
1198,Finance,31/12/18,-27457,273518,0.495,MAA GROUP BERHAD,-20.28
7617,Property,31/12/18,-53656,332012,0.935,MAGNA PRIMA BERHAD,-17.28
7087,Consumer,30/04/18,91367,162732,4.51,MAGNI-TECH INDUSTRIES BERHAD,12.45
3859,Consumer,31/12/18,104749,1422955,1.95,MAGNUM BERHAD,3.78
8583,Property,31/12/18,271582,2427687,0.915,MAH SING GROUP BERHAD,12.23
8141,Property,31/12/18,3059,257052,0.215,MAJUPERAK HOLDINGS BERHAD,5.54
5264,Utilities,31/12/18,274433,4919300,0.8,MALAKOFF CORPORATION BERHAD,6.97
1155,Finance,31/12/18,8113260,11049683,9.5,MALAYAN BANKING BERHAD,7.73
3662,Consumer,31/12/18,17776,550285,0.48,MALAYAN FLOUR MILLS BERHAD,6.73
3891,Consumer,30/06/18,-60548,2932561,0.175,MALAYAN UNITED INDUSTRIES BERHAD,-11.8
5014,Transportation&Logistics,31/12/18,727303,1801592,8.38,MALAYSIA AIRPORTS HOLDINGS BERHAD,4.82
1171,Finance,31/12/18,642400,6224806,0.92,MALAYSIA BUILDING SOCIETY BERHAD,11.22
5186,Energy,31/12/18,-122691,1600000,0.545,MALAYSIA MARINE AND HEAVY ENGINEERING HOLDINGS BERHAD,-14.07
6548,Property,30/06/18,-2165,287660,0.045,MALAYSIA PACIFIC CORPORATION BERHAD,-16.72
5916,Industrial Products,31/12/18,34297,400000,0.7,MALAYSIA SMELTING CORPORATION BERHAD,12.25
5098,Industrial Products,31/12/18,6705,425491,0.385,MALAYSIA STEEL WORKS (KL) BHD,4.09
5077,Transportation&Logistics,31/12/18,263838,1000000,0.56,MALAYSIAN BULK CARRIERS BERHAD,47.11
3867,Technology,30/06/18,142464,190006,10.24,MALAYSIAN PACIFIC INDUSTRIES BERHAD,7.32
1651,Property,31/12/18,101167,4390773,0.615,MALAYSIAN RESOURCES CORPORATION BERHAD,3.75
4936,Plantations,30/06/18,-3405,75000,1.0,MALPAC HOLDINGS BERHAD,-4.54
6181,Property,30/06/18,56482,528140,0.5,MALTON BERHAD,21.39
1058,Finance,31/12/18,26251,202370,2.5,MANULIFE HOLDINGS BERHAD,5.19
3514,Consumer,31/12/18,14111,1054307,0.12,MARCO HOLDINGS BERHAD,11.15
5078,Transportation&Logistics,31/12/17,153521,723879,0.19,MARINE & GENERAL BERHAD,111.62
7029,Industrial Products,31/12/18,5755,54620,0.575,MASTER-PACK GROUP BERHAD,18.32
5236,Property,31/03/18,211832,746105,1.99,MATRIX CONCEPTS HOLDINGS BERHAD,14.27
6012,Telco&Media,31/12/18,1780000,7814000,5.35,MAXIS BERHAD,4.26
5189,Consumer,31/12/17,-142426,398860,0.015,MAXWELL INTERNATIONAL HOLDINGS BERHAD,-2380.55
7189,Property,31/12/18,50871,157377,1.72,MB WORLD GROUP BERHAD,18.79
5983,Consumer,31/12/18,165548,390887,2.2,MBM RESOURCES BHD,19.25
7004,Industrial Products,31/07/18,-1907,44405,0.755,MCE HOLDINGS BERHAD,-5.69
5182,Property,31/12/18,56884,1456995,0.745,MCT BERHAD,5.24
5040,Property,31/12/18,-23088,492555,0.295,MEDA INC. BERHAD,-15.89
5090,Telco&Media,31/03/18,-44368,1687236,0.365,MEDIA CHINESE INTERNATIONAL LIMITED,-7.2
4502,Telco&Media,31/12/18,58623,1109199,0.345,MEDIA PRIMA BERHAD,15.32
3069,Utilities,31/12/18,129266,393646,3.1,MEGA FIRST CORPORATION BERHAD,10.59
5129,Construction,31/08/18,2413,119184,0.62,MELATI EHSAN HOLDINGS BERHAD,3.27
3778,Industrial Products,30/06/18,-626,225523,0.185,MELEWAR INDUSTRIAL GROUP BERHAD,-1.5
1694,Property,30/06/18,13642,480792,0.44,MENANG CORPORATION (M) BERHAD,6.45
5223,Industrial Products,31/12/18,3732,70000,0.46,MENTIGA CORPORATION BERHAD,11.59
8192,Construction,31/12/18,1483,40182,0.9,MERCURY INDUSTRIES BERHAD,4.1
5006,Construction,31/03/18,-10108,67000,0.285,MERGE ENERGY BHD,-52.94
7234,Consumer,31/03/18,-5907,81900,0.39,MESB BERHAD,-18.49
5011,Technology,31/12/18,-8688,60402,1.15,MESINIAGA BERHAD,-12.51
6149,Industrial Products,31/12/18,9100,120000,1.54,METROD HOLDINGS BERHAD,4.92
0043,Industrial Products,30/06/18,-4215,962737,0.04,METRONIC GLOBAL BERHAD,-10.95
7595,Construction,31/12/18,31715,496854,0.7,MGB BERHAD,9.12
5026,Plantations,31/12/18,4401,196544,0.66,MHC PLANTATIONS BHD,3.39
5286,Technology,31/12/18,44294,500000,2.24,MI TECHNOVATION BERHAD,3.95
5001,Industrial Products,31/12/18,-60583,525000,0.25,MIECO CHIPBOARD BERHAD,-46.16
7935,Consumer,31/12/18,-2075,54411,0.635,MILUX CORPORATION BERHAD,-6.01
5166,Consumer,31/12/18,-17168,1239905,0.055,MINDA GLOBAL BERHAD,-25.17
7219,Industrial Products,31/03/18,-2691,730480,0.105,MINETECH RESOURCES BERHAD,-3.51
5576,Industrial Products,31/12/18,11845,340538,0.275,MINHO (M) BERHAD,12.65
5886,Consumer,31/01/18,1428,60800,0.99,MINTYE BERHAD,2.37
3816,Transportation&Logistics,31/12/18,1311500,4463800,6.7,MISC BERHAD,4.39
9571,Construction,31/12/18,44569,891651,0.28,MITRAJAYA HOLDINGS BERHAD,17.85
8893,Property,30/06/18,24522,1204590,0.23,MK LAND HOLDINGS BERHAD,8.85
6114,Property,30/09/18,69027,582015,1.26,MKH BERHAD,9.41
2194,Transportation&Logistics,31/12/18,220080,3045100,0.83,MMC CORPORATION BERHAD,8.71
0113,Technology,31/12/18,8974,200760,0.69,MMS VENTURES BERHAD,6.48
6459,Finance,31/03/18,136787,319604,2.64,MNRB HOLDINGS BERHAD,16.21
5237,Finance,31/12/18,12441,715000,1.1,MPHB CAPITAL BERHAD,1.58
5123,REITS,31/12/18,73130,1071783,1.06,MRCB-QUILL REIT,6.44
5202,Consumer,31/12/18,35624,702980,2.6,MSM MALAYSIA HOLDINGS BERHAD,1.95
5924,Construction,31/03/18,7073,230996,0.23,MTD ACPI ENGINEERING BERHAD,13.31
5152,Industrial Products,31/12/18,12991,99675,1.01,MUAR BAN LEE GROUP BERHAD,12.9
3883,Industrial Products,31/12/18,77534,305051,1.79,MUDA HOLDINGS BERHAD,14.2
5085,Construction,31/12/18,-396238,591573,0.29,MUDAJAYA GROUP BERHAD,-230.97
5703,Construction,31/12/18,144800,480743,2.79,MUHIBBAH ENGINEERING (M) BHD,10.8
3913,Property,30/06/18,2927,740915,0.26,MUI PROPERTIES BERHAD,1.52
3905,Consumer,31/12/18,235699,319461,1.75,MULPHA INTERNATIONAL BERHAD,42.16
5150,Consumer,31/12/18,-326,606841,0.015,MULTI SPORTS HOLDINGS LTD,-3.58
9539,Property,30/06/18,-5997,56419,0.45,MULTI-USAGE HOLDINGS BERHAD,-23.62
0138,Technology,30/09/18,129017,3552306,1.75,MY E.G. SERVICES BERHAD,2.08
5087,Industrial Products,30/06/18,16101,283545,0.385,MYCRON STEEL BERHAD,14.75
5275,Consumer,31/10/18,26504,681336,1.45,MYNEWS HOLDINGS BERHAD,2.68
5073,Property,31/12/18,64664,236944,0.445,NAIM HOLDINGS BERHAD,61.33
9806,Transportation&Logistics,31/03/18,-10772,120232,0.43,NATIONWIDE EXPRESS HOLDINGS BERHAD,-20.84
2038,Plantations,31/12/18,-1687,70202,3.15,NEGRI SEMBILAN OIL PALMS BERHAD,-0.76
4707,Consumer,31/12/18,658882,234500,147.4,NESTLE (MALAYSIA) BERHAD,1.91
7060,Consumer,31/12/18,14008,82672,2.7,NEW HOONG FATT HOLDINGS BERHAD,6.28
7241,Industrial Products,30/06/18,-1771,434134,0.35,NEXTGREEN GLOBAL BERHAD,-1.17
7215,Consumer,31/12/18,2167,291148,0.25,NI HSIN RESOURCES BERHAD,2.98
7139,Consumer,30/06/18,946,333037,0.04,NICHE CAPITAL EMAS HOLDINGS BERHAD,7.1
0083,Technology,30/09/18,44731,332822,0.725,NOTION VTEC BERHAD,18.54
5047,Plantations,31/12/18,-44472,116874,1.83,NPC RESOURCES BERHAD,-20.79
5066,Consumer,30/04/18,29710,1123106,0.545,NTPM HOLDINGS BERHAD,4.85
5025,Industrial Products,31/08/18,-18007,392253,0.11,NWP HOLDINGS BERHAD,-41.73
4944,Industrial Products,31/05/18,19093,187758,0.63,NYLEX (MALAYSIA) BERHAD,16.14
5533,Consumer,31/12/18,-4986,103105,0.48,OCB BERHAD,-10.07
0049,Consumer,31/12/18,6078,222637,0.555,OCEANCASH PACIFIC BERHAD,4.92
0172,Telco&Media,31/12/18,24059,871472,0.425,OCK GROUP BERHAD,6.5
7071,Construction,31/12/18,-7004,292402,0.29,OCR GROUP BERHAD,-8.26
7140,Industrial Products,31/03/18,24617,163577,1.4,OKA CORPORATION BHD,10.75
3018,Consumer,31/12/18,8942,1023432,0.095,OLYMPIA INDUSTRIES BERHAD,9.2
9008,Technology,31/03/18,-120895,431075,0.455,OMESTI BERHAD,-61.64
5260,Consumer,30/06/18,6356,267100,0.875,ONLY WORLD GROUP HOLDINGS BERHAD,2.72
7107,Consumer,31/03/18,11201,240000,0.955,ORIENTAL FOOD INDUSTRIES HOLDINGS BERHAD,4.89
4006,Consumer,31/12/18,500893,620362,6.17,ORIENTAL HOLDINGS BERHAD,13.09
5827,Property,30/06/18,37921,154858,2.15,ORIENTAL INTEREST BERHAD,11.39
5065,Industrial Products,31/12/18,9396,74153,0.89,ORNAPAPER BERHAD,14.24
5053,Property,31/12/18,346053,2077148,0.87,OSK HOLDINGS BERHAD,19.15
7225,Industrial Products,30/06/18,-18111,1492804,0.055,P.A. RESOURCES BERHAD,-22.06
7095,Industrial Products,31/12/18,43142,384042,1.49,P.I.E. INDUSTRIAL BERHAD,7.54
6009,Finance,30/09/18,-12267,274859,1.05,PACIFIC & ORIENT BERHAD,-4.25
7052,Consumer,30/06/18,178258,657909,5.97,PADINI HOLDINGS BERHAD,4.54
4081,Consumer,30/06/18,-3148,708397,0.15,PAN MALAYSIA CORPORATION BERHAD,-2.96
1287,Consumer,30/06/18,-1305,928867,0.125,PAN MALAYSIA HOLDINGS BERHAD,-1.12
3719,Consumer,31/03/18,131016,60746,34.6,PANASONIC MANUFACTURING MALAYSIA BERHAD,6.23
0041,Technology,31/03/18,-30549,265485,0.275,PANPAGES BERHAD,-41.84
8419,Industrial Products,31/03/18,8744,294933,1.17,PANSAR BERHAD,2.53
5125,Industrial Products,28/02/18,46969,741539,0.6,PANTECH GROUP HOLDINGS BERHAD,10.56
5022,Consumer,31/05/18,855,181164,0.39,PAOS HOLDINGS BERHAD,1.21
3611,Industrial Products,31/03/18,-905,186652,1.35,PARAGON GLOBE BERHAD,-0.36
9407,Consumer,31/12/18,-920,64698,0.24,PARAGON UNION BERHAD,-5.92
1724,Property,31/12/18,94926,428271,2.04,PARAMOUNT CORPORATION BERHAD,10.87
5657,Consumer,30/06/18,-103993,1067180,0.58,PARKSON HOLDINGS BERHAD,-16.8
6912,Property,31/12/18,-18785,404059,0.36,PASDEC HOLDINGS BERHAD,-12.91
5212,REITS,31/12/18,288684,3036704,1.64,PAVILION REAL ESTATE INVESTMENT TRUST,5.8
5041,Utilities,31/12/18,-103430,331000,1.06,PBA HOLDINGS BHD,-29.48
6068,Consumer,31/03/18,4935,210042,0.24,PCCS GROUP BERHAD,9.79
6254,Transportation&Logistics,31/12/18,-12038,628308,0.03,PDZ HOLDINGS BHD,-63.86
5271,Industrial Products,30/06/18,10217,184007,0.87,PECCA GROUP BERHAD,6.38
4464,Property,31/12/18,-22839,1748992,0.02,PEGASUS HEIGHTS BERHAD,-65.29
7190,Telco&Media,30/09/18,473,96598,0.38,PELANGI PUBLISHING GROUP BHD.,1.29
5231,Consumer,31/12/18,6861,548368,0.345,PELIKAN INTERNATIONAL CORPORATION BERHAD,3.63
9997,Consumer,31/05/18,-3467,129668,0.565,PENSONIC HOLDINGS BERHAD,-4.73
7160,Technology,31/12/18,57116,316607,2.75,PENTAMASTER CORPORATION BERHAD,6.56
8346,Transportation&Logistics,31/12/18,-95372,100000,0.38,PERAK CORPORATION BERHAD,-250.98
0186,Consumer,31/12/18,35692,1389413,0.235,PERAK TRANSIT BERHAD,10.93
7108,Energy,31/12/18,-40909,778470,0.215,PERDANA PETROLEUM BERHAD,-24.44
0047,Energy,30/06/18,-456436,1260472,0.04,PERISAI PETROLEUM TEKNOLOGI BHD,-905.29
7080,Consumer,31/12/18,-4039,187262,0.34,PERMAJU INDUSTRIES BERHAD,-6.34
8311,Construction,31/12/18,8252,694941,0.19,PESONA METRO HOLDINGS BERHAD,6.25
5219,Industrial Products,30/06/18,60570,763604,1.55,PESTECH INTERNATIONAL BERHAD,5.12
5133,Energy,31/12/18,-20996,320942,0.405,PETRA ENERGY BERHAD,-16.15
3042,Energy,31/12/18,224540,270000,6.27,PETRON MALAYSIA REFINING & MARKETING BHD,13.26
5183,Industrial Products,31/12/18,4979000,8000000,9.29,PETRONAS CHEMICALS GROUP BERHAD,6.7
5681,Consumer,31/12/18,849849,993975,26.5,PETRONAS DAGANGAN BHD,3.23
6033,Utilities,31/12/18,1810259,1978732,19.2,PETRONAS GAS BERHAD,4.76
7081,Health Care,31/12/18,42468,260134,2.78,PHARMANIAGA BERHAD,5.87
5622,Construction,31/12/18,137834,69125,0.74,PIMPINAN EHSAN BERHAD,269.46
1902,Plantations,30/06/18,-26120,149804,0.155,PINEHILL PACIFIC BERHAD,-112.49
9598,Construction,30/06/18,15099,165227,2.61,PINTARAS JAYA BHD,3.5
7163,Industrial Products,31/12/18,267,82000,0.15,PJBUMI BERHAD,2.17
7055,Property,31/08/18,-2498,103580,1.68,PLB ENGINEERING BERHAD,-1.44
5075,Property,30/06/18,52059,381533,1.5,PLENITUDE BERHAD,9.1
9695,Plantations,31/03/18,-3916,326700,0.85,PLS PLANTATIONS BERHAD,-1.41
7172,Industrial Products,31/12/18,9319,156574,3.57,PMB TECHNOLOGY BERHAD,1.67
6637,Industrial Products,31/03/18,3636,131497,0.52,PNE PCB BERHAD,5.32
7088,Consumer,31/10/18,47138,219565,1.46,POH HUAT RESOURCES HOLDINGS BERHAD,14.7
5080,Consumer,31/07/18,23402,410352,0.51,POH KONG HOLDINGS BERHAD,11.18
8117,Industrial Products,28/02/18,1962,159974,0.535,POLY GLASS FIBRE (M) BERHAD,2.29
4634,Transportation&Logistics,31/03/18,93253,782980,3.53,POS MALAYSIA BERHAD,3.37
7237,Consumer,31/03/18,9436,323467,1.41,POWER ROOT BERHAD,2.07
4065,Consumer,31/12/18,1075096,1422599,17.58,PPB GROUP BERHAD,4.3
8869,Industrial Products,31/12/18,629980,3947810,4.83,PRESS METAL ALUMINIUM HOLDINGS BERHAD,3.3
9873,Industrial Products,31/12/18,12610,195746,0.52,PRESTAR RESOURCES BERHAD,12.39
5204,Technology,31/12/17,18208,484000,1.52,PRESTARIANG BERHAD,2.47
7168,Consumer,31/12/18,-9179,309600,0.765,PRG HOLDINGS BERHAD,-3.88
7123,Industrial Products,30/06/18,13841,1026803,0.24,PRICEWORTH INTERNATIONAL BERHAD,5.62
7145,Construction,30/06/18,5515,348652,0.13,PRINSIPTEK CORPORATION BERHAD,12.17
7201,Industrial Products,31/12/18,448,656196,0.12,PROGRESSIVE IMPACT CORPORATION BERHAD,0.57
8966,Consumer,31/07/18,8317,173886,0.7,PROLEXUS BERHAD,6.83
5070,Construction,31/12/18,-48548,494857,0.215,PROTASCO BERHAD,-45.63
5436,Industrial Products,31/03/18,22628,99304,3.53,PERUSAHAAN SADUR TIMAH MALAYSIA (PERSTIMA) BHD,6.46
1295,Finance,31/12/18,5590611,3882138,24.76,PUBLIC BANK BERHAD,5.82
8273,Industrial Products,31/12/18,19008,188623,0.5,PUBLIC PACKAGES HOLDINGS BHD,20.15
6807,Construction,31/12/18,-169662,447247,0.35,PUNCAK NIAGA HOLDINGS BERHAD,-108.38
7134,Consumer,31/12/18,14362,172362,0.745,PWF CONSOLIDATED BERHAD,11.18
7084,Consumer,31/03/18,206236,1622627,5.09,QL RESOURCES BERHAD,2.5
7544,Industrial Products,31/01/18,-14721,57962,0.97,QUALITY CONCRETE HOLDINGS BERHAD,-26.18
7498,Industrial Products,31/12/18,-10047,46179,0.215,RALCO CORPORATION BERHAD,-101.19
5272,Utilities,31/12/18,45548,888316,1.2,RANHILL HOLDINGS BERHAD,4.27
7765,Property,31/12/18,561,107884,5.8,RAPID SYNERGY BERHAD,0.09
9296,Finance,31/03/18,88681,341970,1.23,RCE CAPITAL BERHAD,21.08
5256,Energy,31/12/18,-44434,1096413,0.295,REACH ENERGY BERHAD,-13.74
5270,SPAC,30/09/18,-8146,1000000,0.48,RED SENA BERHAD,-1.7
7232,Industrial Products,31/03/18,1879,137204,0.305,RESINTECH BERHAD,4.49
9946,Consumer,30/06/18,-14457,246626,0.48,REX INDUSTRY BERHAD,-12.21
0037,Consumer,31/12/18,35173,1538610,0.19,RGB INTERNATIONAL BHD,12.03
9954,Industrial Products,30/06/18,-1837,326083,0.135,RGT BERHAD,-4.17
1066,Finance,31/12/18,2305196,4010045,5.29,RHB BANK BERHAD,10.87
5278,Consumer,31/12/18,10066,166000,0.835,RHONE MA HOLDINGS BERHAD,7.26
5113,Plantations,31/12/18,-143901,2041722,0.155,RIMBUNAN SAWIT BERHAD,-45.47
2542,Plantations,31/12/18,4953,64850,3.1,RIVERVIEW RUBBER ESTATES BERHAD,2.46
9741,Industrial Products,31/12/18,16108,472657,0.68,ROHAS TECNIC BERHAD,5.01
7803,Industrial Products,31/12/18,5529,252195,0.45,RUBBEREX CORPORATION (M) BERHAD,4.87
8567,Utilities,31/12/18,2145,829513,0.235,SALCON BERHAD,1.1
0183,Consumer,30/06/18,11362,388000,0.58,SALUTICA BERHAD,5.05
9822,Industrial Products,31/03/18,63144,135166,6.3,SAM ENGINEERING & EQUIPMENT (M) BERHAD,7.42
5147,Industrial Products,31/12/18,21359,272000,0.67,SAMCHEM HOLDINGS BERHAD,11.72
9113,Consumer,31/03/18,-4591,226373,0.17,SANBUMI HOLDINGS BERHAD,-11.93
7943,Consumer,31/12/18,-2820,66000,0.27,SAND NISKO CAPITAL BERHAD,-15.82
5218,Energy,31/01/18,-2503473,5945238,0.755,SAPURA ENERGY BERHAD,-55.77
7811,Industrial Products,31/01/18,3077,72776,0.89,SAPURA INDUSTRIAL BERHAD,4.75
4596,Property,31/01/18,14002,139600,0.865,SAPURA RESOURCES BERHAD,11.6
5170,Industrial Products,31/12/18,-39146,317050,0.32,SARAWAK CABLE BERHAD,-38.58
9237,Industrial Products,31/12/18,-9568,85882,0.48,SARAWAK CONSOLIDATED INDUSTRIES BERHAD,-23.21
5126,Plantations,31/12/18,61300,570874,2.1,SARAWAK OIL PALMS BERHAD,5.11
5135,Plantations,31/12/18,11179,279564,1.7,SARAWAK PLANTATION BERHAD,2.35
5252,Telco&Media,31/08/18,2003,419099,0.31,SASBADI HOLDINGS BERHAD,1.54
5157,Consumer,31/07/18,-2817,131854,0.37,SAUDEE GROUP BERHAD,-5.77
5207,Property,31/03/18,2229,234771,0.495,SBC CORPORATION BERHAD,1.92
7239,Industrial Products,30/06/18,535,95001,0.25,SCANWOLF CORPORATION BERHAD,2.25
7247,Industrial Products,30/04/18,16395,192787,1.5,SCGM BHD,5.67
0099,Industrial Products,30/06/18,32220,355454,1.99,SCICOM (MSC) BERHAD,4.56
4731,Industrial Products,31/07/18,289806,486333,7.9,SCIENTEX BERHAD,7.54
7045,Energy,31/03/18,-207935,2341621,0.105,SCOMI ENERGY SERVICES BHD,-84.57
7158,Energy,31/03/18,-248481,1092657,0.12,SCOMI GROUP BERHAD,-189.51
7073,Industrial Products,31/12/18,-43129,385760,0.19,SEACERA GROUP BERHAD,-58.84
4286,Property,30/06/18,15013,237056,0.415,SEAL INCORPORATED BERHAD,15.26
5145,Transportation&Logistics,31/12/18,-19766,500000,0.105,SEALINK INTERNATIONAL BERHAD,-37.65
7053,Transportation&Logistics,31/03/18,902,79396,1.3,SEE HUP CONSOLIDATED BERHAD,0.87
9792,Consumer,31/12/18,42156,1238198,0.645,SEG INTERNATIONAL BHD,5.28
2224,Property,31/03/18,83358,426127,0.81,SELANGOR DREDGING BERHAD,24.15
1783,Property,31/10/18,-2096,343617,5.36,SELANGOR PROPERTIES BERHAD,-0.11
9431,Telco&Media,31/12/18,-765,40533,0.86,SENI JAYA CORPORATION BERHAD,-2.19
5213,Property,30/09/18,28066,557875,0.515,SENTORIA GROUP BERHAD,9.77
5279,Energy,31/12/18,387904,1468500,3.78,SERBA DINAMIK HOLDINGS BERHAD,6.99
5163,Industrial Products,30/06/18,-4935,79681,0.34,SEREMBAN ENGINEERING BERHAD,-18.22
7180,Consumer,30/06/18,9084,240000,0.6,SERN KOU RESOURCES BERHAD,6.31
5517,Consumer,31/12/18,70554,440000,5.62,SHANGRI-LA HOTELS (MALAYSIA) BERHAD,2.85
7412,Consumer,30/06/18,-9548,49998,0.68,SHH RESOURCES HOLDINGS BERHAD,-28.08
5173,Transportation&Logistics,30/06/18,24341,1200000,0.33,SHIN YANG SHIPPING CORPORATION BERHAD,6.15
6017,Property,31/03/18,69722,242124,2.52,SHL CONSOLIDATED BHD,11.43
5181,Industrial Products,31/12/18,4991,187500,0.81,SIG GASES BERHAD,3.29
7246,Consumer,30/06/18,6481,228966,0.55,SIGNATURE INTERNATIONAL BERHAD,5.15
4197,Consumer,30/06/18,1919000,6800839,2.45,SIME DARBY BERHAD,11.52
5285,Plantations,31/12/18,244000,6801000,4.76,SIME DARBY PLANTATION BERHAD,0.75
5288,Property,31/12/18,-318700,6800839,0.995,SIME DARBY PROPERTY BERHAD,-4.71
4316,Plantations,31/12/18,-6295,124689,0.445,SIN HENG CHAN (MALAYA) BERHAD,-11.35
9776,Consumer,31/12/18,-38626,213791,0.115,SINMAH CAPITAL BERHAD,-157.11
2739,Energy,31/12/18,29595,1122308,0.15,SINO HUA-AN INTERNATIONAL BERHAD,17.58
8532,Consumer,30/06/18,121,652379,0.255,SINOTOP HOLDINGS BERHAD,0.07
7115,Industrial Products,30/06/18,1975,40000,0.52,SKB SHUTTERS CORPORATION BERHAD,9.5
7155,Industrial Products,31/03/18,127101,1228637,1.58,SKP RESOURCES BHD,6.55
7248,Industrial Products,31/12/18,25253,316959,1.16,SLP RESOURCES BERHAD,6.87
7132,Industrial Products,31/12/18,-5023,42163,0.52,SMIS CORPORATION BERHAD,-22.91
5242,Consumer,30/04/18,2661,390670,0.35,SOLID AUTOMOTIVE BERHAD,1.95
4375,Property,31/12/18,4294,209940,0.14,SOUTH MALAYSIA INDUSTRIES BERHAD,14.61
5134,Industrial Products,31/03/18,32677,136934,3.9,SOUTHERN ACIDS (M) BERHAD,6.12
5665,Industrial Products,30/06/18,210847,433411,1.56,SOUTHERN STEEL BERHAD,31.18
8664,Property,31/12/18,670959,3934244,2.33,S P SETIA BERHAD,7.32
7165,Industrial Products,30/06/18,-5690,198557,0.75,SPRING GALLERY BERHAD,-3.82
7103,Consumer,31/12/18,24225,209969,2.1,SPRITZER BHD,5.49
6084,Telco&Media,31/12/18,5263,737876,0.685,STAR MEDIA GROUP BERHAD,1.04
7143,Industrial Products,30/09/18,-5299,89905,0.16,STONE MASTER CORPORATION BERHAD,-36.84
6904,Industrial Products,31/07/18,-19580,188119,0.89,SUBUR TIASA HOLDINGS BERHAD,-11.69
7207,Industrial Products,30/06/18,7337,242621,0.83,SUCCESS TRANSFORMER CORPORATION BERHAD,3.64
9865,Consumer,31/05/18,12533,57250,2.22,SUIWAH CORPORATION BERHAD,9.86
1201,Energy,31/12/18,-2743,4252725,0.01,SUMATEC RESOURCES BERHAD,-6.45
2569,Plantations,30/06/18,6339,66332,3.3,SUNGEI BAGAN RUBBER COMPANY (MALAYA) BERHAD,2.9
3743,Property,30/09/18,101597,798834,0.9,SUNSURIA BERHAD,14.13
5211,Industrial Products,31/12/18,658991,4853580,1.47,SUNWAY BERHAD,9.24
5263,Construction,31/12/18,144693,1292246,1.33,SUNWAY CONSTRUCTION GROUP BERHAD,8.42
5176,REITS,30/06/18,427691,2945078,1.77,SUNWAY REAL ESTATE INVESTMENT TRUST,8.2
7235,Industrial Products,30/04/18,12266,158800,1.2,SUPERLON HOLDINGS BERHAD,6.44
7106,Health Care,30/06/18,107021,659016,4.17,SUPERMAX CORPORATION BERHAD,3.89
6521,Transportation&Logistics,31/12/18,52961,345820,1.65,SURIA CAPITAL HOLDINGS BERHAD,9.28
7186,Consumer,31/08/18,-1038,182343,0.79,SWS CAPITAL BERHAD,-0.72
6139,Finance,31/12/18,294924,823945,3.8,SYARIKAT TAKAFUL MALAYSIA KELUARGA BERHAD,9.42
9717,Construction,31/12/18,2731,396177,0.235,SYCAL VENTURES BERHAD,2.93
7082,Consumer,31/07/18,-12870,619239,0.3,SYF RESOURCES BERHAD,-6.93
1538,Property,31/03/18,33157,281999,0.8,SYMPHONY LIFE BERHAD,14.7
7228,Energy,31/12/18,7663,412565,0.32,T7 GLOBAL BERHAD,5.8
5012,Plantations,31/12/18,78198,444559,2.7,TA ANN HOLDINGS BERHAD,6.51
4898,Finance,31/12/18,74698,1711910,0.63,TA ENTERPRISE BERHAD,6.93
5158,Property,31/12/18,155434,5321724,0.25,TA GLOBAL BERHAD,11.68
7097,Industrial Products,31/12/17,2745,66084,1.17,TA WIN HOLDINGS BERHAD,3.55
4022,Property,31/12/18,5393,700389,0.2,TADMAX RESOURCES BERHAD,3.85
7211,Consumer,31/12/18,-4613,77460,0.31,TAFI INDUSTRIES BERHAD,-19.21
2259,Property,31/01/18,-23608,4217644,0.04,TALAM TRANSFORM BERHAD,-13.99
8524,Utilities,31/12/18,99214,2015814,0.79,TALIWORKS CORPORATION BERHAD,6.23
5191,Property,31/12/18,55359,433303,0.755,TAMBUN INDAH LAND BERHAD,16.92
4405,Consumer,31/12/18,101034,652660,1.35,TAN CHONG MOTOR HOLDINGS BERHAD,11.47
2429,Property,30/06/18,1136,671432,0.12,TANCO HOLDINGS BERHAD,1.41
5149,Transportation&Logistics,31/05/18,824,175597,0.275,TAS OFFSHORE BERHAD,1.71
5140,Transportation&Logistics,31/03/18,29398,200000,1.67,TASCO BERHAD,8.8
4448,Industrial Products,31/12/18,-21802,121143,4.2,TASEK CORPORATION BERHAD,-4.28
2054,Plantations,31/12/18,-76393,1682641,0.165,TDM BERHAD,-27.52
7439,Consumer,31/01/18,-1796,40097,1.31,TECK GUAN PERDANA BERHAD,-3.42
7200,Consumer,31/12/18,-48691,348041,0.24,TEK SENG HOLDINGS BERHAD,-58.29
4863,Telco&Media,31/12/18,153154,3757934,2.66,TELEKOM MALAYSIA BERHAD,1.53
5347,Utilities,31/12/18,3723700,5674992,13.6,TENAGA NASIONAL BHD,4.82
9369,Consumer,30/06/18,4731,40742,0.97,TEO GUAN LEE CORPORATION BERHAD,11.97
7252,Consumer,31/12/18,30363,299733,0.965,TEO SENG CAPITAL BERHAD,10.5
8702,Industrial Products,31/12/18,-6752,121508,0.72,TEXCHEM RESOURCES BERHAD,-7.72
7206,Energy,31/12/18,-2565,1121237,0.03,TH HEAVY ENGINEERING BERHAD,-7.63
5112,Plantations,31/12/18,-594608,883851,0.465,TH PLANTATIONS BERHAD,-144.68
9075,Technology,31/12/18,-1608,107243,0.265,THETA EDGE BERHAD,-5.66
7034,Industrial Products,31/12/18,45369,136284,2.2,THONG GUAN INDUSTRIES BERHAD,15.13
0012,Consumer,31/12/18,29120,492000,0.705,THREE-A RESOURCES BERHAD,8.4
7889,Property,31/12/18,20395,497242,0.19,THRIVEN GLOBAL BERHAD,21.59
7374,Industrial Products,31/12/18,-6144,144742,1.12,TIEN WAH PRESS HOLDINGS BERHAD,-3.79
7079,Property,30/06/18,-3707,409032,0.1,TIGER SYNERGY BERHAD,-9.06
7854,Industrial Products,31/12/18,6499,89051,0.65,TIMBERWELL BERHAD,11.23
5031,Telco&Media,31/12/18,288670,583634,8.1,TIME DOTCOM BERHAD,6.11
8397,Transportation&Logistics,31/03/18,30451,455434,1.03,TIONG NAM LOGISTICS HOLDINGS BERHAD,6.49
5239,Property,30/06/18,72900,1344188,0.385,TITIJAYA LAND BERHAD,14.09
0101,Health Care,31/08/18,28056,1736372,0.745,TMC LIFE SCIENCES BERHAD,2.17
7230,Consumer,31/12/18,4745,138600,0.51,TOMEI CONSOLIDATED BERHAD,6.71
7285,Industrial Products,31/12/18,-1862,419169,0.57,TOMYPAK HOLDINGS BERHAD,-0.78
5010,Industrial Products,31/12/18,60948,154494,3.55,TONG HERR RESOURCES BERHAD,11.11
7113,Health Care,31/08/18,433618,1277961,11.14,TOP GLOVE CORPORATION BHD,3.05
5111,REITS,31/12/17,19795,280500,1.22,TOWER REAL ESTATE INVESTMENT TRUST,5.78
7173,Industrial Products,31/03/18,890,107000,0.72,TOYO INK GROUP BERHAD,1.16
7176,Consumer,31/12/18,3289,233795,0.335,TPC PLUS BERHAD,4.2
7218,Transportation&Logistics,31/12/18,54,40999,0.87,TRANSOCEAN HOLDINGS BHD,0.15
5054,Construction,31/12/18,20843,480497,0.54,TRC SYNERGY BERHAD,8.03
0118,Technology,31/07/18,-11729,2457908,0.025,TRIVE PROPERTY GROUP BERHAD,-19.09
5401,Property,31/12/18,170029,1451445,0.89,TROPICANA CORPORATION BERHAD,13.16
9059,Plantations,31/12/18,40099,1381799,0.99,TSH RESOURCES BERHAD,2.93
5042,Construction,30/06/18,4624,174450,0.46,TSR CAPITAL BERHAD,5.76
5230,Finance,31/12/18,49313,751759,0.56,TUNE PROTECT GROUP BERHAD,11.71
5167,Industrial Products,31/12/18,6546,108000,0.74,TURBO-MECH BERHAD,8.19
4359,Technology,31/03/18,-2667,228728,0.185,TURIYA BERHAD,-6.3
7100,Industrial Products,31/12/18,69009,447480,2.54,UCHI TECHNOLOGIES BERHAD,6.07
1368,Industrial Products,31/12/18,148238,831396,2.72,UEM EDGENTA BERHAD,6.56
5148,Property,31/12/18,280333,4537436,0.665,UEM SUNRISE BERHAD,9.29
7137,Industrial Products,30/09/18,5752,40690,2.3,UMS HOLDINGS BERHAD,6.15
7227,Industrial Products,31/12/18,8044,78596,1.06,UMS-NEIKEN GROUP BERHAD,9.66
4588,Consumer,31/12/18,341656,1168454,5.47,UMW HOLDINGS BERHAD,5.35
7091,Industrial Products,31/12/18,18797,150198,0.95,UNIMECH GROUP BERHAD,13.17
5005,Technology,31/12/18,95834,727085,3.28,UNISEM (M) BERHAD,4.02
2593,Plantations,30/04/18,47826,209671,6.1,UNITED MALACCA BERHAD,3.74
2089,Plantations,31/12/14,278030,207792,24.4,UNITED PLANTATIONS BERHAD,5.48
7133,Industrial Products,31/12/18,2851,217800,0.6,UNITED U-LI CORPORATION BERHAD,2.18
5200,Property,31/12/18,378916,1843738,2.12,UOA DEVELOPMENT BHD,9.69
5110,REITS,31/12/18,57537,422871,1.31,UOA REAL ESTATE INVESTMENT TRUST,10.39
7757,Consumer,31/12/18,9164,77207,2.26,UPA CORPORATION BHD,5.25
5754,Telco&Media,31/12/18,-186619,110734,0.125,UTUSAN MELAYU (MALAYSIA) BERHAD,-1348.23
7250,Energy,30/06/18,28710,309638,1.08,UZMA BERHAD,8.59
6963,Industrial Products,31/07/18,150766,1680924,1.68,V.S. INDUSTRY BERHAD,5.34
5243,Energy,31/12/18,-17886,8125218,0.18,VELESTO ENERGY BERHAD,-1.22
4995,Industrial Products,31/03/18,-6602,117338,0.57,VERSATILE CREATIVE BERHAD,-9.87
7240,Consumer,31/12/17,-4824,145200,1.09,VERTICE BERHAD,-3.05
0097,Technology,31/12/18,105484,470335,6.29,VITROX CORPORATION BERHAD,3.57
7070,Construction,31/05/18,26182,3695647,0.12,VIZIONE HOLDINGS BERHAD,5.9
5162,Technology,31/12/18,24628,180000,0.96,VSTECS BERHAD,14.25
5142,Energy,31/12/18,64797,770676,0.635,WAH SEONG CORPORATION BERHAD,13.24
7203,Consumer,31/12/18,10395,158581,1.0,WANG-ZHENG BERHAD,6.56
5016,Consumer,31/12/18,7460,65100,2.06,WARISAN TC HOLDINGS BERHAD,5.56
7226,Industrial Products,31/12/18,-3126,84480,0.795,WATTA HOLDING BERHAD,-4.65
3565,Construction,31/03/18,13681,1002736,0.985,WCE HOLDINGS BERHAD,1.39
9679,Construction,31/12/18,111781,1380592,0.675,WCT HOLDINGS BERHAD,11.99
7231,Industrial Products,30/09/18,31678,497947,1.29,WELLCALL HOLDINGS BERHAD,4.93
5246,Transportation&Logistics,31/12/18,533474,3410000,3.62,WESTPORTS HOLDINGS BERHAD,4.32
5009,Industrial Products,31/12/18,-27201,240000,1.53,WHITE HORSE BERHAD,-7.41
7692,Industrial Products,31/03/18,1995,44753,0.56,WIDETECH (MALAYSIA) BERHAD,7.96
0008,Technology,31/12/18,11108,486648,0.505,WILLOWGLEN MSC BERHAD,4.52
6378,Property,31/12/18,-22613,848731,0.12,WMG HOLDINGS BERHAD,-22.2
7050,Industrial Products,31/10/18,8677,91312,0.88,WONG ENGINEERING CORPORATION BERHAD,10.8
7025,Industrial Products,31/12/18,1882,40002,0.675,WOODLANDOR HOLDINGS BHD,6.97
4243,Industrial Products,31/12/18,81096,477474,0.43,WTK HOLDINGS BERHAD,39.5
7245,Industrial Products,31/08/18,-84189,465165,0.315,WZ SATU BERHAD,-57.46
7121,Consumer,31/01/18,79,79936,0.6,XIAN LENG HOLDINGS BERHAD,0.16
5156,Consumer,31/12/18,20802,1804882,0.12,XIDELANG HOLDINGS LTD,9.6
5267,Transportation&Logistics,31/03/18,10382,216000,1.12,XIN HWA HOLDINGS BERHAD,4.29
5155,Consumer,30/06/16,-353191,379775,0.225,XINGQUAN INTERNATIONAL SPORTS HOLDINGS LIMITED,-413.33
7003,Property,31/12/18,11048,199384,0.93,Y&G CORPORATION BHD,5.96
7178,Health Care,31/12/18,30350,138273,2.75,Y.S.P.SOUTHEAST ASIA HOLDING BERHAD,7.98
5584,Consumer,31/12/18,37471,191604,1.83,YEE LEE CORPORATION BHD,10.69
7122,Industrial Products,30/09/18,-12978,609075,0.005,YFG BERHAD,-426.15
5048,Industrial Products,31/12/18,-3155,145699,0.56,YI-LAI BERHAD,-3.87
7293,Energy,31/01/18,292179,1076363,4.22,YINSON HOLDINGS BERHAD,6.43
7020,Industrial Products,31/12/18,-133615,350684,0.105,YKGI HOLDINGS BERHAD,-362.87
7014,Industrial Products,31/03/18,-8659,102830,0.3,YLI HOLDINGS BERHAD,-28.07
3158,Property,31/12/18,15608,528999,1.3,YNH PROPERTY BERHAD,2.27
7066,Property,30/06/18,15497,482291,1.47,YONG TAI BERHAD,2.19
5159,Consumer,30/06/18,25022,159915,1.19,YOONG ONN CORPORATION BERHAD,13.15
4677,Utilities,30/06/18,361881,10512485,1.13,YTL CORPORATION BERHAD,3.05
5109,REITS,30/06/18,236559,1704388,1.17,YTL HOSPITALITY REIT,11.86
2577,Property,30/06/18,-74089,1330071,0.46,YTL LAND & DEVELOPMENT BERHAD,-12.11
6742,Utilities,30/06/18,620658,7918645,1.03,YTL POWER INTERNATIONAL BHD,7.61
7028,Construction,30/06/18,12721,128039,0.425,ZECON BERHAD,23.38
2283,Construction,31/12/18,-10446,844895,0.025,ZELAN BERHAD,-49.45
5131,Consumer,30/11/18,52362,460000,1.3,ZHULIAN CORPORATION BERHAD,8.76
